"id","name","capacity","latitude","longitude"
281,"Grand Army Plaza & Central Park S",66,40.7643971,-73.97371465
487,"E 20 St & FDR Drive",34,40.73314259,-73.97573881
3255,"8 Ave & W 31 St",19,40.7505853470215,-73.9946848154068
72,"W 52 St & 11 Ave",55,40.76727216,-73.99392888
79,"Franklin St & W Broadway",33,40.71911552,-74.00666661
82,"St James Pl & Pearl St",27,40.71117416,-74.00016545
83,"Atlantic Ave & Fort Greene Pl",62,40.68382604,-73.97632328
116,"W 17 St & 8 Ave",39,40.74177603,-74.00149746
119,"Park Ave & St Edwards St",19,40.69608941,-73.97803415
120,"Lexington Ave & Classon Ave",19,40.68676793,-73.95928168
127,"Barrow St & Hudson St",31,40.73172428,-74.00674436
128,"MacDougal St & Prince St",30,40.72710258,-74.00297088
143,"Clinton St & Joralemon St",24,40.69239502,-73.99337909
144,"Nassau St & Navy St",19,40.69839895,-73.98068914
146,"Hudson St & Reade St",39,40.71625008,-74.0091059
150,"E 2 St & Avenue C",54,40.7208736,-73.98085795
151,"Cleveland Pl & Spring St",33,40.722103786686,-73.997249007225
157,"Henry St & Atlantic Ave",23,40.69089272,-73.99612349
161,"LaGuardia Pl & W 3 St",35,40.72917025,-73.99810231
164,"E 47 St & 2 Ave",47,40.75323098,-73.97032517
167,"E 39 St & 3 Ave",45,40.7489006,-73.97604882
168,"W 18 St & 6 Ave",47,40.73971301,-73.99456405
173,"Broadway & W 49 St",51,40.7606832709659,-73.9845272898674
174,"E 25 St & 1 Ave",30,40.7381765,-73.97738662
195,"Liberty St & Broadway",45,40.70905623,-74.01043382
212,"W 16 St & The High Line",60,40.74334935,-74.00681753
216,"Columbia Heights & Cranberry St",23,40.70037867,-73.99548059
217,"Old Fulton St",39,40.70277159,-73.99383605
223,"W 13 St & 7 Ave",33,40.73781509,-73.99994661
224,"Spruce St & Nassau St",31,40.71146364,-74.00552427
228,"E 48 St & 3 Ave",55,40.7546011026,-73.971878855
229,"Great Jones St",23,40.72743423,-73.99379025
236,"St Marks Pl & 2 Ave",47,40.7284186,-73.98713956
237,"E 11 St & 2 Ave",39,40.73047309,-73.98672378
238,"Bank St & Washington St",31,40.7361967,-74.00859207
239,"Willoughby St & Fleet St",31,40.69196566,-73.9813018
241,"DeKalb Ave & S Portland Ave",23,40.68981035,-73.97493121
242,"Carlton Ave & Flushing Ave",23,40.697787,-73.973736
243,"Fulton St & Rockwell Pl",31,40.68841,-73.979458
244,"Willoughby Ave & Hall St",31,40.69196035,-73.96536851
245,"Myrtle Ave & St Edwards St",23,40.69327018,-73.97703874
247,"Perry St & Bleecker St",54,40.73535398,-74.00483091
248,"Laight St & Hudson St",23,40.72185379,-74.00771779
249,"Harrison St & Hudson St",27,40.71870987,-74.0090009
250,"Lafayette St & Jersey St",40,40.72456089,-73.99565293
251,"Mott St & Prince St",27,40.72317958,-73.99480012
252,"MacDougal St & Washington Sq",33,40.73226398,-73.99852205
254,"W 11 St & 6 Ave",59,40.73532427,-73.99800419
257,"Lispenard St & Broadway",39,40.71939226,-74.00247214
258,"DeKalb Ave & Vanderbilt Ave",23,40.68940747,-73.96885458
259,"South St & Whitehall St",39,40.70122128,-74.01234218
260,"Broad St & Bridge St",33,40.70365182,-74.01167797
261,"Johnson St & Gold St",27,40.69474881,-73.98362464
262,"Washington Park",24,40.6917823,-73.9737299
264,"Maiden Ln & Pearl St",27,40.70706456,-74.00731853
265,"Stanton St & Chrystie St",35,40.72229346,-73.99147535
266,"Avenue D & E 8 St",30,40.72368361,-73.97574813
267,"Broadway & W 36 St",54,40.75097711,-73.98765428
268,"Howard St & Centre St",27,40.71910537,-73.99973337
270,"Adelphi St & Myrtle Ave",23,40.69308257,-73.97178913
274,"Lafayette Ave & Fort Greene Pl",31,40.68691865,-73.976682
275,"Washington Ave & Greene Ave",19,40.68650065,-73.96563307
276,"Duane St & Greenwich St",25,40.71748752,-74.0104554
278,"Concord St & Bridge St",19,40.69766564,-73.98476437
279,"Peck Slip & Front St",36,40.707873,-74.00167
280,"E 10 St & 5 Ave",31,40.73331967,-73.99510132
282,"Kent Ave & S 11 St",27,40.7076449441757,-73.9684152603149
284,"Greenwich Ave & 8 Ave",43,40.7390169121,-74.0026376103
285,"Broadway & E 14 St",53,40.73454567,-73.99074142
289,"Monroe St & Classon Ave",19,40.6845683,-73.95881081
291,"Madison St & Montgomery St",20,40.713126,-73.984844
293,"Lafayette St & E 8 St",55,40.7302066052995,-73.9910262823105
295,"Pike St & E Broadway",24,40.71406667,-73.99293911
296,"Division St & Bowery",35,40.71413089,-73.9970468
297,"E 15 St & 3 Ave",27,40.734232,-73.986923
298,"3 Ave & Schermerhorn St",35,40.68683208,-73.9796772
301,"E 2 St & Avenue B",58,40.72217444,-73.98368779
302,"Avenue D & E 3 St",23,40.72082834,-73.97793172
303,"Mercer St & Spring St",67,40.72362738,-73.99949601
305,"E 58 St & 3 Ave",33,40.76095756,-73.96724467
307,"Canal St & Rutgers St",30,40.71427487,-73.98990025
308,"St James Pl & Oliver St",27,40.71307916,-73.99851193
309,"Murray St & West St",41,40.7149787,-74.013012
310,"State St & Smith St",36,40.68926942,-73.98912867
311,"Norfolk St & Broome St",31,40.7172274,-73.98802084
312,"Allen St & Stanton St",31,40.722055,-73.989111
313,"Washington Ave & Park Ave",23,40.69610226,-73.96751037
315,"South St & Gouverneur Ln",29,40.70355377,-74.00670227
316,"Fulton St & William St",43,40.70955958,-74.00653609
317,"E 6 St & Avenue B",54,40.72453734,-73.98185424
319,"Fulton St & Broadway",33,40.711066,-74.009447
320,"Leonard St & Church St",27,40.717571,-74.005549
321,"Cadman Plaza E & Red Cross Pl",27,40.69991755,-73.98971773
323,"Lawrence St & Willoughby St",39,40.69236178,-73.98631746
324,"DeKalb Ave & Hudson Ave",51,40.689888,-73.981013
325,"E 19 St & 3 Ave",35,40.73624527,-73.98473765
326,"E 11 St & 1 Ave",41,40.72953837,-73.98426726
327,"Vesey Pl & River Terrace",39,40.7153379,-74.01658354
328,"Watts St & Greenwich St",23,40.72405549,-74.00965965
330,"Reade St & Broadway",39,40.71450451,-74.00562789
331,"Pike St & Monroe St",27,40.71173107,-73.99193043
332,"Cherry St",36,40.71219906,-73.97948148
334,"W 20 St & 7 Ave",31,40.74238787,-73.99726235
335,"Washington Pl & Broadway",27,40.72903917,-73.99404649
336,"Sullivan St & Washington Sq",36,40.73047747,-73.99906065
337,"Old Slip & Front St",37,40.7037992,-74.00838676
339,"Avenue D & E 12 St",30,40.72580614,-73.97422494
340,"Madison St & Clinton St",27,40.71269042,-73.98776323
341,"Stanton St & Mangin St",19,40.71782143,-73.97628939
342,"Columbia St & Rivington St",29,40.71739973,-73.98016555
343,"Clinton Ave & Flushing Ave",23,40.69794,-73.96986848
344,"Monroe St & Bedford Ave",23,40.6851443,-73.95380904
346,"Bank St & Hudson St",27,40.73652889,-74.00618026
347,"Greenwich St & W Houston St",35,40.728846,-74.008591
349,"Rivington St & Ridge St",61,40.71850211,-73.98329859
350,"Clinton St & Grand St",28,40.71559509,-73.9870295
351,"Front St & Maiden Ln",39,40.70530954,-74.00612572
353,"S Portland Ave & Hanson Pl",27,40.68539567,-73.97431458
354,"Emerson Pl & Myrtle Ave",23,40.69363137,-73.96223558
355,"Bayard St & Baxter St",43,40.71602118,-73.99974372
356,"Bialystoker Pl & Delancey St",23,40.71622644,-73.98261206
358,"Christopher St & Greenwich St",50,40.73291553,-74.00711384
359,"E 47 St & Park Ave",64,40.75510267,-73.97498696
360,"William St & Pine St",39,40.70717936,-74.00887308
361,"Allen St & Hester St",43,40.71605866,-73.99190759
362,"Broadway & W 37 St",57,40.75172632,-73.98753523
363,"West Thames St",49,40.70834698,-74.01713445
364,"Lafayette Ave & Classon Ave",27,40.68900443,-73.96023854
366,"Clinton Ave & Myrtle Ave",33,40.693261,-73.968896
367,"E 53 St & Lexington Ave",34,40.75828065,-73.97069431
368,"Carmine St & 6 Ave",39,40.73038599,-74.00214988
369,"Washington Pl & 6 Ave",21,40.73224119,-74.00026394
372,"Franklin Ave & Myrtle Ave",27,40.694546087246,-73.9580136537552
373,"Willoughby Ave & Walworth St",19,40.69331716,-73.95381995
376,"John St & William St",43,40.70862144,-74.00722156
377,"6 Ave & Canal St",47,40.72243797,-74.00566443
379,"W 31 St & 7 Ave",42,40.749156,-73.9916
380,"W 4 St & 7 Ave S",42,40.73401143,-74.00293877
383,"Greenwich Ave & Charles St",39,40.735238,-74.000271
385,"E 55 St & 2 Ave",29,40.75797322,-73.96603308
386,"Centre St & Worth St",43,40.71494807,-74.00234482
387,"Centre St & Chambers St",39,40.71273266,-74.0046073
388,"W 26 St & 10 Ave",35,40.749717753,-74.002950346
389,"Broadway & Berry St",27,40.71044554,-73.96525063
390,"Duffield St & Willoughby St",31,40.69221589,-73.9842844
391,"Clark St & Henry St",31,40.69760127,-73.99344559
392,"Jay St & Tech Pl",35,40.695065,-73.987167
393,"E 5 St & Avenue C",37,40.72299208,-73.97995466
394,"E 9 St & Avenue C",34,40.72521311,-73.97768752
396,"Lefferts Pl & Franklin Ave",25,40.680342423,-73.9557689392
397,"Fulton St & Clermont Ave",27,40.68415748,-73.96922273
398,"Atlantic Ave & Furman St",31,40.69165183,-73.9999786
399,"Lafayette Ave & St James Pl",27,40.68851534,-73.9647628
400,"Pitt St & Stanton St",15,40.71926081,-73.98178024
401,"Allen St & Rivington St",42,40.72019576,-73.98997825
402,"Broadway & E 22 St",39,40.7403432,-73.98955109
403,"E 2 St & 2 Ave",31,40.72502876,-73.99069656
405,"Washington St & Gansevoort St",51,40.739323,-74.008119
406,"Hicks St & Montague St",34,40.69512845,-73.99595065
408,"Market St & Cherry St",23,40.71076228,-73.99400398
410,"Suffolk St & Stanton St",45,40.72066442,-73.98517977
411,"E 6 St & Avenue D",31,40.72228087,-73.97668709
412,"Forsyth St & Canal St",29,40.7158155,-73.99422366
415,"Pearl St & Hanover Square",42,40.7047177,-74.00926027
416,"Cumberland St & Lafayette Ave",31,40.68753406,-73.97265183
417,"Barclay St & Church St",25,40.71291224,-74.01020234
418,"Front St & Gold St",23,40.70224,-73.982578
419,"Carlton Ave & Park Ave",23,40.69580705,-73.97355569
420,"Clermont Ave & Lafayette Ave",23,40.68764484,-73.96968902
421,"Clermont Ave & Park Ave",19,40.69573398,-73.97129668
422,"W 59 St & 10 Ave",79,40.770513,-73.988038
423,"W 54 St & 9 Ave",0,40.76584941,-73.98690506
426,"West St & Chambers St",29,40.71754834,-74.01322069
427,"Bus Slip & State St",47,40.701907,-74.013942
432,"E 7 St & Avenue A",31,40.72621788,-73.98379855
434,"9 Ave & W 18 St",27,40.74317449,-74.00366443
435,"W 21 St & 6 Ave",50,40.74173969,-73.99415556
436,"Hancock St & Bedford Ave",27,40.68216564,-73.95399026
437,"Macon St & Nostrand Ave",24,40.6809833854,-73.9500479759
438,"St Marks Pl & 1 Ave",47,40.72779126,-73.98564945
439,"E 4 St & 2 Ave",39,40.7262807,-73.98978041
440,"E 45 St & 3 Ave",32,40.75255434,-73.97282625
442,"W 27 St & 7 Ave",51,40.746647,-73.993915
443,"Bedford Ave & S 9 St",23,40.70853074,-73.96408963
445,"E 10 St & Avenue A",79,40.72740794,-73.98142006
446,"W 24 St & 7 Ave",47,40.74487634,-73.99529885
447,"8 Ave & W 52 St",31,40.76370739,-73.9851615
448,"W 37 St & 10 Ave",27,40.75660359,-73.9979009
450,"W 49 St & 8 Ave",67,40.76227205,-73.98788205
453,"W 22 St & 8 Ave",66,40.74475148,-73.99915362
454,"E 51 St & 1 Ave",35,40.75455731,-73.96592976
455,"1 Ave & E 44 St",59,40.75001986,-73.96905301
456,"E 53 St & Madison Ave",35,40.7597108,-73.97402311
458,"11 Ave & W 27 St",31,40.751396,-74.005226
459,"W 20 St & 11 Ave",49,40.746745,-74.007756
460,"S 4 St & Wythe Ave",25,40.71285887,-73.96590294
461,"E 20 St & 2 Ave",56,40.73587678,-73.98205027
462,"W 22 St & 10 Ave",47,40.74691959,-74.00451887
464,"E 56 St & 3 Ave",53,40.75934501,-73.96759673
465,"Broadway & W 41 St",39,40.75513557,-73.98658032
466,"W 25 St & 6 Ave",35,40.74395411,-73.99144871
467,"Dean St & 4 Ave",34,40.68312489,-73.97895137
468,"Broadway & W 56 St",65,40.7652654,-73.98192338
469,"Broadway & W 53 St",57,40.76344058,-73.98268129
470,"W 20 St & 8 Ave",72,40.74345335,-74.00004031
471,"Grand St & Havemeyer St",31,40.71286844,-73.95698119
472,"E 32 St & Park Ave",55,40.7457121,-73.98194829
473,"Rivington St & Chrystie St",38,40.72110063,-73.9919254
474,"5 Ave & E 29 St",56,40.7451677,-73.98683077
476,"E 31 St & 3 Ave",47,40.74394314,-73.97966069
477,"W 41 St & 8 Ave",59,40.75640548,-73.9900262
478,"11 Ave & W 41 St",37,40.76030096,-73.99884222
479,"9 Ave & W 45 St",31,40.76019252,-73.9912551
480,"W 53 St & 10 Ave",0,40.76669671,-73.99061728
481,"S 3 St & Bedford Ave",25,40.71260486,-73.96264403
482,"W 15 St & 7 Ave",77,40.73935542,-73.99931783
483,"E 12 St & 3 Ave",34,40.73223272,-73.98889957
484,"W 44 St & 5 Ave",46,40.75500254,-73.98014437
485,"W 37 St & 5 Ave",40,40.75038009,-73.98338988
486,"Broadway & W 29 St",41,40.7462009,-73.98855723
489,"10 Ave & W 28 St",37,40.75066386,-74.00176802
490,"8 Ave & W 33 St",66,40.751551,-73.993934
491,"E 24 St & Park Ave S",51,40.74096374,-73.98602213
492,"W 33 St & 7 Ave",68,40.75019995,-73.99093085
493,"W 45 St & 6 Ave",34,40.7568001,-73.98291153
494,"W 26 St & 8 Ave",66,40.74734825,-73.99723551
495,"W 47 St & 10 Ave",0,40.76269882,-73.99301222
496,"E 16 St & 5 Ave",47,40.73726186,-73.99238967
497,"E 17 St & Broadway",66,40.73704984,-73.99009296
499,"Broadway & W 60 St",36,40.76915505,-73.98191841
500,"Broadway & W 51 St",52,40.76228826,-73.98336183
501,"FDR Drive & E 35 St",79,40.744219,-73.97121214
502,"Henry St & Grand St",36,40.714211,-73.981095
503,"E 20 St & Park Ave",31,40.73827428,-73.98751968
504,"1 Ave & E 16 St",53,40.73221853,-73.98165557
505,"6 Ave & W 33 St",39,40.74901271,-73.98848395
507,"E 25 St & 2 Ave",45,40.73912601,-73.97973776
508,"W 46 St & 11 Ave",25,40.76341379,-73.99667444
509,"9 Ave & W 22 St",61,40.7454973,-74.00197139
513,"W 56 St & 10 Ave",29,40.768254,-73.988639
514,"12 Ave & W 40 St",52,40.76087502,-74.00277668
515,"W 43 St & 10 Ave",35,40.76009437,-73.99461843
516,"E 47 St & 1 Ave",31,40.75206862,-73.96784384
517,"Pershing Square South",69,40.751581,-73.97791
518,"E 39 St & 2 Ave",39,40.74780373,-73.9734419
519,"Pershing Square North",69,40.751873,-73.977706
520,"W 52 St & 5 Ave",41,40.75992262,-73.97648516
522,"E 51 St & Lexington Ave",51,40.75714758,-73.97207836
523,"W 38 St & 8 Ave",51,40.75466591,-73.99138152
525,"W 34 St & 11 Ave",56,40.75594159,-74.0021163
526,"E 33 St & 5 Ave",40,40.74765947,-73.98490707
528,"2 Ave & E 31 St",39,40.74290902,-73.97706058
529,"W 42 St & 8 Ave",41,40.7575699,-73.99098507
530,"11 Ave & W 59 St",24,40.7714967105444,-73.9904603362083
531,"Forsyth St & Broome St",39,40.71893904,-73.99266288
532,"S 5 Pl & S 5 St",43,40.710451,-73.960876
533,"Broadway & W 38 St",46,40.75299641,-73.98721619
534,"Water - Whitehall Plaza",31,40.70255065,-74.0127234
536,"1 Ave & E 30 St",29,40.74144387,-73.97536082
539,"Metropolitan Ave & Bedford Ave",31,40.71534825,-73.96024116
540,"Lexington Ave & E 29 St",30,40.7431155537649,-73.9821535348892
545,"E 23 St & 1 Ave",27,40.736502,-73.97809472
546,"E 30 St & Park Ave S",45,40.74444921,-73.98303529
2000,"Front St & Washington St",30,40.70255088,-73.98940236
2002,"Wythe Ave & Metropolitan Ave",27,40.716887,-73.963198
2003,"1 Ave & E 18 St",54,40.7338121919663,-73.9805442094803
2005,"Railroad Ave & Kay Ave",12,40.70531194,-73.97100056
2006,"Central Park S & 6 Ave",49,40.76590936,-73.97634151
2008,"Little West St & 1 Pl",24,40.70569254,-74.01677685
2009,"Catherine St & Monroe St",35,40.71117444,-73.99682619
2010,"Grand St & Greene St",3,40.72165481,-74.00234737
2012,"E 27 St & 1 Ave",36,40.739445,-73.976806
2017,"E 43 St & 2 Ave",39,40.75022392,-73.97121414
2021,"W 45 St & 8 Ave",43,40.75929124,-73.98859651
2022,"E 60 St & York Ave",33,40.759107,-73.959223
3002,"South End Ave & Liberty St",25,40.711512,-74.015756
3016,"Kent Ave & N 7 St",54,40.7203677529846,-73.9616507291794
3041,"Kingston Ave & Herkimer St",24,40.67890679,-73.94142771
3042,"Fulton St & Utica Ave",19,40.6794268,-73.9298911
3043,"Lewis Ave & Decatur St",19,40.6814598,-73.934903
3044,"Albany Ave & Fulton St",27,40.6800105,-73.938475
3046,"Marcus Garvey Blvd & Macon St",19,40.682601,-73.938037
3047,"Halsey St & Tompkins Ave",21,40.6823687,-73.944118
3048,"Putnam Ave & Nostrand Ave",19,40.68402,-73.94977
3049,"Cambridge Pl & Gates Ave",18,40.68488,-73.96304
3050,"Putnam Ave & Throop Ave",21,40.6851532,-73.94111
3052,"Lewis Ave & Madison St",23,40.686312,-73.935775
3053,"Marcy Ave & Lafayette Ave",23,40.6900815,-73.947915
3054,"Greene Ave & Throop Ave",19,40.6894932,-73.942061
3055,"Greene Ave & Nostrand Ave",23,40.6883337,-73.950916
3056,"Kosciuszko St & Nostrand Ave",23,40.69072549,-73.95133465
3057,"Kosciuszko St & Tompkins Ave",18,40.69128258,-73.9452416
3058,"Lewis Ave & Kosciuszko St",24,40.69237074,-73.93705428
3059,"Pulaski St & Marcus Garvey Blvd",19,40.6933982,-73.939877
3060,"Willoughby Ave & Tompkins Ave",19,40.69425403,-73.94626915
3061,"Throop Ave & Myrtle Ave",21,40.69622937,-73.94371094
3062,"Myrtle Ave & Marcy Ave",23,40.69539817,-73.94954908
3063,"Nostrand Ave & Myrtle Ave",20,40.69527008,-73.95238108
3064,"Myrtle Ave & Lewis Ave",23,40.69681963,-73.93756926
3065,"Union Ave & Wallabout St",31,40.70029511,-73.95032283
3066,"Tompkins Ave & Hopkins St",19,40.69957608,-73.94708417
3067,"Broadway & Whipple St",27,40.7016657,-73.9437303
3068,"Humboldt St & Varet St",42,40.7031724,-73.940636
3069,"Lorimer St & Broadway",29,40.70411791,-73.94818595
3070,"McKibbin St & Manhattan Ave",23,40.70510918,-73.94407279
3071,"Boerum St & Broadway",19,40.70538077,-73.94976519
3072,"Leonard St & Boerum St",24,40.70583339,-73.94644578
3074,"Montrose Ave & Bushwick Ave",42,40.70767788,-73.94016171
3075,"Division Ave & Marcy Ave",33,40.70708701,-73.95796783
3076,"Scholes St & Manhattan Ave",36,40.70870368,-73.9448625
3077,"Stagg St & Union Ave",33,40.70877084,-73.95095259
3078,"Broadway & Roebling St",27,40.7092482627616,-73.9606314897537
3080,"S 4 St & Rodney St",21,40.70934,-73.95608
3081,"Graham Ave & Grand St",29,40.711863,-73.944024
3082,"Hope St & Union Ave",25,40.71167351,-73.95141312
3083,"Bushwick Ave & Powers St",32,40.71247661,-73.94100005
3085,"Roebling St & N 4 St",25,40.71469,-73.95739
3086,"Graham Ave & Conselyea St",30,40.715143,-73.944507
3087,"Metropolitan Ave & Meeker Ave",30,40.71413311,-73.95234386
3088,"Union Ave & Jackson St",19,40.7160751,-73.952029
3092,"Berry St & N 8 St",27,40.7190095,-73.95852515
3093,"N 6 St & Bedford Ave",28,40.71745169,-73.95850939
3094,"Graham Ave & Withers St",18,40.7169811,-73.94485918
3095,"Graham Ave & Herbert St",26,40.71929301,-73.94500379
3096,"Union Ave & N 12 St",39,40.71924,-73.95242
3100,"Nassau Ave & Newell St",51,40.7248125644002,-73.947526216507
3101,"N 12 St & Bedford Ave",27,40.72079821,-73.95484712
3102,"Driggs Ave & Lorimer St",27,40.72179134,-73.9504154
3105,"N 15 St & Wythe Ave",24,40.724055,-73.955736
3106,"Driggs Ave & N Henry St",22,40.72325,-73.94308
3107,"Bedford Ave & Nassau Ave",39,40.72311651,-73.95212324
3108,"Nassau Ave & Russell St",51,40.72557,-73.94434
3109,"Banker St & Meserole Ave",31,40.72606,-73.95621
3110,"Meserole Ave & Manhattan Ave",28,40.72708584,-73.95299117
3112,"Milton St & Franklin St",33,40.72906,-73.95779
3113,"Greenpoint Ave & Manhattan Ave",27,40.73026,-73.95394
3115,"India St & Manhattan Ave",50,40.73232194,-73.9550858
3116,"Huron St & Franklin St",35,40.73266,-73.95826
3117,"Franklin St & Dupont St",27,40.73564,-73.95866
3118,"McGuinness Blvd & Eagle St",42,40.73555,-73.95284
3119,"Vernon Blvd & 50 Ave",45,40.74232744,-73.95411749
3121,"Jackson Ave & 46 Rd",27,40.74524768,-73.94733276
3122,"48 Ave & 5 St",31,40.7443632870669,-73.9558732509613
3123,"31 St & Thomson Ave",27,40.74469738,-73.93540375
3124,"46 Ave & 5 St",27,40.74731,-73.95451
3125,"45 Rd & 11 St",23,40.74708586,-73.94977234
3126,"44 Dr & Jackson Ave",34,40.74718234,-73.9432635
3127,"9 St & 44 Rd",35,40.74966,-73.9521
3128,"21 St & 43 Ave",23,40.75052534,-73.94594845
3129,"Queens Plaza North & Crescent St",31,40.75110165,-73.94073717
3130,"21 St & Queens Plaza North",31,40.75325964,-73.94335788
3131,"E 68 St & 3 Ave",31,40.7671284034954,-73.9622461795807
3132,"E 59 St & Madison Ave",35,40.76350532,-73.97109243
3134,"3 Ave & E 62 St",51,40.76312584,-73.96526895
3135,"E 75 St & 3 Ave",41,40.77112927,-73.95772297
3136,"5 Ave & E 63 St",47,40.766368,-73.971518
3137,"5 Ave & E 73 St",31,40.77282817,-73.96685276
3139,"E 72 St & Park Ave",43,40.7711828754066,-73.9640942215919
3140,"1 Ave & E 78 St",55,40.77140426,-73.9535166
3141,"1 Ave & E 68 St",59,40.76500525,-73.95818491
3142,"1 Ave & E 62 St",41,40.7612274,-73.96094022
3143,"5 Ave & E 78 St",47,40.7763214218227,-73.9642739295959
3144,"E 81 St & Park Ave",46,40.77677702,-73.9590097
3145,"E 84 St & Park Ave",45,40.77862688,-73.95772073
3146,"E 81 St & 3 Ave",47,40.77573034,-73.9567526
3147,"E 85 St & 3 Ave",25,40.77801203,-73.95407149
3148,"E 84 St & 1 Ave",31,40.77565541,-73.95068615
3150,"E 85 St & York Ave",47,40.77536905,-73.94803392
3151,"E 81 St & York Ave",43,40.7728384,-73.94989233
3152,"3 Ave & E 71 St",42,40.76873687,-73.96119945
3154,"E 77 St & 3 Ave",31,40.77314236,-73.95856158
3156,"E 72 St & York Ave",37,40.76663814,-73.95348296
3157,"East End Ave & E 86 St",27,40.77518615,-73.94446054
3158,"W 63 St & Broadway",31,40.77163851,-73.98261428
3159,"W 67 St & Broadway",31,40.77492513,-73.98266566
3160,"Central Park West & W 76 St",3,40.77896784,-73.97374737
3161,"W 76 St & Columbus Ave",59,40.7801839724239,-73.9772853255272
3162,"W 78 St & Broadway",39,40.78339981,-73.98093133
3163,"Central Park West & W 68 St",0,40.7734066,-73.97782542
3164,"Columbus Ave & W 72 St",67,40.7770575,-73.97898475
3165,"Central Park West & W 72 St",3,40.7757937668367,-73.9762057363987
3166,"Riverside Dr & W 72 St",41,40.7805779901033,-73.9856243133545
3167,"Amsterdam Ave & W 73 St",55,40.7796680900731,-73.9809304475784
3168,"Central Park West & W 85 St",31,40.78472675,-73.96961715
3169,"Riverside Dr & W 82 St",39,40.78720869,-73.98128127
3170,"W 84 St & Columbus Ave",35,40.78499979,-73.97283406
3171,"Amsterdam Ave & W 82 St",39,40.78524672,-73.97667321
3172,"W 74 St & Columbus Ave",27,40.7785669,-73.97754961
3173,"Riverside Blvd & W 67 St",39,40.777507027548,-73.9888858795166
3175,"W 70 St & Amsterdam Ave",31,40.77748046,-73.98288594
3177,"W 84 St & Broadway",63,40.7867947,-73.977112
3178,"Riverside Dr & W 78 St",39,40.78414472,-73.98362492
3179,"Park Ave & Marcus Garvey Blvd",23,40.698617,-73.941342
3182,"Yankee Ferry Terminal",42,40.686931,-74.016966
3184,"Paulus Hook",14,40.7141454,-74.0335519
3185,"City Hall",22,40.7177325,-74.043845
3186,"Grove St PATH",42,40.7195861164717,-74.0431174635887
3187,"Warren St",22,40.7211236,-74.03805095
3191,"Union St",18,40.7182113,-74.0836394
3192,"Liberty Light Rail",22,40.7112423,-74.0557013
3193,"Lincoln Park",18,40.7246050998869,-74.0784059464931
3194,"McGinley Square",22,40.7253399253558,-74.0676221251488
3195,"Sip Ave",33,40.7308970978618,-74.0639126300812
3196,"Riverview Park",18,40.7443187,-74.0439909
3198,"Heights Elevator",18,40.7487159453802,-74.0404433012009
3199,"Newport Pkwy",14,40.7287448,-74.0321082
3201,"Dey St",18,40.737711,-74.066921
3202,"Newport PATH",18,40.7272235,-74.0337589
3203,"Hamilton Park",26,40.727595966,-74.044247311
3205,"JC Medical Center",22,40.7165397809919,-74.0496379137039
3206,"Hilltop",26,40.7311689,-74.0575736
3207,"Oakland Ave",26,40.7376037,-74.0524783
3209,"Brunswick St",22,40.7241765,-74.0506564
3210,"Pershing Field",18,40.742677141,-74.051788633
3211,"Newark Ave",22,40.72152515,-74.046304543
3212,"Christ Hospital",22,40.734785818,-74.050443636
3213,"Van Vorst Park",22,40.71848892,-74.047726625
3214,"Essex Light Rail",22,40.7127742,-74.0364857
3220,"5 Corners Library",18,40.7349610200095,-74.0595030784607
3221,"47 Ave & 31 St",27,40.743,-73.93561
3225,"Baldwin at Montgomery",14,40.7236589,-74.0641943
3231,"E 67 St & Park Ave",39,40.7678008014813,-73.9659208059311
3232,"Bond St & Fulton St",31,40.6896218879033,-73.9830426871777
3233,"E 48 St & 5 Ave",39,40.7572456791173,-73.978059142828
3235,"E 41 St & Madison Ave",31,40.752165280622,-73.9799219369888
3236,"W 42 St & Dyer Ave",33,40.7589848139963,-73.9937996864319
3241,"Monroe St & Tompkins Ave",19,40.686203,-73.944694
3242,"Schermerhorn St & Court St",39,40.6910292567797,-73.991833627224
3243,"E 58 St & 1 Ave (NE Corner)",29,40.7589238637769,-73.9622622728348
3244,"University Pl & E 8 St",42,40.7314372408523,-73.9949034154415
3246,"Montague St & Clinton St",39,40.6942811413973,-73.9923003315926
3249,"Verona Pl & Fulton St",19,40.6803560840434,-73.9476791024208
3254,"Soissons Landing",29,40.6923166071919,-74.0148657560349
3256,"Pier 40 - Hudson River Park",23,40.7277140777778,-74.011295735836
3259,"9 Ave & W 28 St",27,40.7493702419328,-73.9992338418961
3260,"Mercer St & Bleecker St",45,40.7270636334831,-73.9966213703155
3263,"Cooper Square & Astor Pl",59,40.7295149622495,-73.990752696991
3267,"Morris Canal",14,40.7124188237569,-74.0385255217552
3268,"Lafayette Park",14,40.7134638266919,-74.0628585219383
3269,"Brunswick & 6th",14,40.7260117296463,-74.0503889322281
3270,"Jersey & 6th St",14,40.7252891078113,-74.0455716848373
3272,"Jersey & 3rd",14,40.7233315864644,-74.0459525585174
3273,"Manila & 1st",18,40.72165072488,-74.0428841114044
3275,"Columbus Drive",14,40.7183551982321,-74.0389144420624
3276,"Marin Light Rail",26,40.7145840353589,-74.042817056179
3277,"Communipaw & Berry Lane",14,40.7143583687043,-74.0666109323502
3278,"Monmouth and 6th",14,40.725685483629,-74.0487903356552
3279,"Dixon Mills",18,40.7216301426384,-74.0499678254128
3280,"Astor Place",14,40.719282200707,-74.071261882782
3281,"Leonard Gordon Park",14,40.7459099663156,-74.0572714805603
3282,"5 Ave & E 88 St",38,40.78307,-73.95939
3283,"W 89 St & Columbus Ave",47,40.7882213,-73.97041561
3284,"E 88 St & Park Ave",38,40.78141070019,-73.9559590816498
3285,"W 87 St & Amsterdam Ave",43,40.78839,-73.9747
3286,"E 89 St & 3 Ave",39,40.7806284,-73.9521667
3287,"W 87 St & West End Ave",47,40.789622,-73.97757
3288,"E 88 St & 1 Ave",39,40.778301,-73.9488134
3289,"W 90 St & Amsterdam Ave",32,40.7901794809508,-73.9728891849518
3290,"E 89 St & York Ave",35,40.7779453,-73.946041
3292,"5 Ave & E 93 St",43,40.7857851,-73.957481
3293,"W 92 St & Broadway",24,40.7921,-73.9739
3294,"E 91 St & Park Ave",38,40.7835016,-73.955327
3295,"Central Park W & W 96 St",59,40.79127,-73.964839
3296,"E 93 St & 2 Ave",42,40.7824541752799,-73.9489196240902
3297,"6 St & 7 Ave",21,40.6686627,-73.97988067
3298,"Warren St & Court St",23,40.686371,-73.99383324
3299,"E 98 St & Park Ave",25,40.78813,-73.95206
3300,"Prospect Park West & 8 St",25,40.6651468153379,-73.9763760566711
3301,"Columbus Ave & W 95 St",39,40.7919557,-73.968087
3302,"Columbus Ave & W 103 St",22,40.7969347,-73.9643412291
3303,"Butler St & Court St",25,40.6849894,-73.99440329
3304,"6 Ave & 9 St",27,40.668127,-73.98377641
3305,"E 91 St & 2 Ave",39,40.7811222993417,-73.9496558904648
3306,"10 St & 7 Ave",23,40.6662078,-73.98199886
3307,"West End Ave & W 94 St",31,40.7941654,-73.974124
3308,"Kane St & Clinton St",27,40.6861758,-73.99645295
3309,"E 97 St & 3 Ave",30,40.7859201,-73.94860294
3310,"14 St & 7 Ave",24,40.663779,-73.98396846
3311,"Columbia St & Kane St",21,40.68763155,-74.0016256
3312,"1 Ave & E 94 St",39,40.7817212,-73.94594
3313,"6 Ave & 12 St",29,40.6663181,-73.9854617
3314,"W 95 St & Broadway",32,40.7937704,-73.971888
3315,"Henry St & Degraw St",23,40.6847514,-73.99917254
3317,"10 St & 5 Ave",24,40.6686273,-73.98700053
3318,"2 Ave & E 96 St",39,40.7839636,-73.9471673
3319,"14 St & 5 Ave",21,40.666287,-73.98895053
3320,"Central Park West & W 100 St",49,40.7940666081855,-73.9628684520721
3321,"Clinton St & Union St",25,40.6831164,-73.99785267
3322,"12 St & 4 Ave",0,40.668603,-73.9904394
3323,"W 106 St & Central Park West",59,40.7981856,-73.9605909006
3324,"3 Ave & 14 St",25,40.6685455,-73.99333264
3325,"E 95 St & 3 Ave",31,40.7849032,-73.950503
3326,"Clinton St & Centre St",21,40.67434,-74.00194698
3327,"3 Ave & E 100 St",27,40.7877214,-73.94728331
3328,"W 100 St & Manhattan Ave",39,40.795,-73.9645
3329,"Degraw St & Smith St",27,40.6829151,-73.99318208
3330,"Henry St & Bay St",19,40.6725058,-74.00494695
3331,"Riverside Dr & W 104 St",39,40.8013434,-73.9711457439
3332,"Degraw St & Hoyt St",19,40.681990442707,-73.9907902479172
3333,"Columbia St & Lorraine St",21,40.6747055,-74.0075572
3335,"Union St & 4 Ave",28,40.6772744,-73.98282002
3336,"E 97 St & Madison Ave",41,40.787801,-73.953559
3337,"Dwight St & Van Dyke St",23,40.673635513415,-74.0119555592537
3338,"2 Ave & E 99 St",31,40.7862586,-73.94552579
3339,"Berkeley Pl & 6 Ave",23,40.6765304,-73.97846879
3340,"Wolcott St & Dwight St",21,40.6753274,-74.0100698
3341,"Central Park West & W 102 St",59,40.795346,-73.96186
3342,"Pioneer St & Richards St",23,40.6777748,-74.0094613
3343,"W 107 St & Columbus Ave",23,40.7997568,-73.9621128676
3344,"Pioneer St & Van Brunt St",19,40.679043,-74.011169
3345,"Madison Ave & E 99 St",35,40.7894854155321,-73.9524292945862
3346,"Berkeley Pl & 7 Ave",29,40.6751468387098,-73.9752320945263
3347,"Van Brunt St & Wolcott St",21,40.6773429,-74.01275056
3348,"Coffey St & Conover St",19,40.677236,-74.015665
3349,"Grand Army Plaza & Plaza St West",30,40.6729679,-73.97087984
3350,"W 100 St & Broadway",39,40.7973721,-73.97041192
3351,"E 102 St & 1 Ave",25,40.7869946,-73.94164802
3352,"Sigourney St & Columbia St",21,40.6726724341095,-74.0087952464819
3354,"3 St & Prospect Park West",31,40.668132,-73.97363831
3355,"E 66 St & Madison Ave",25,40.7680088930595,-73.9684528112411
3356,"Amsterdam Ave & W 66 St",21,40.7746671,-73.98470567
3357,"W 106 St & Amsterdam Ave",35,40.8008363,-73.9664492472
3358,"Garfield Pl & 8 Ave",25,40.6711978,-73.97484126
3359,"E 68 St & Madison Ave",41,40.7691572,-73.96703464
3360,"Amsterdam Ave & W 79 St",25,40.7829391,-73.9786517
3361,"Carroll St & 6 Ave",23,40.6740886,-73.9787282
3362,"Madison Ave & E 82 St",34,40.7781314,-73.96069399
3363,"E 102 St & Park Ave",33,40.7904828,-73.95033068
3364,"Carroll St & 5 Ave",27,40.6751622,-73.9814832
3365,"3 St & 7 Ave",27,40.6703837,-73.97839676
3366,"West End Ave & W 107 St",31,40.8021174,-73.9681805305
3367,"5 Ave & E 103 St",39,40.7922553,-73.95249933
3368,"5 Ave & 3 St",30,40.6728155,-73.98352355
3369,"E 82 St & East End Ave",29,40.7724607,-73.9468208
3370,"E 78 St & 2 Ave",25,40.7727966,-73.95577801
3372,"E 74 St & 1 Ave",39,40.7689738,-73.95482273
3373,"3 St & 3 Ave",27,40.6750705,-73.98775226
3374,"Central Park North & Adam Clayton Powell Blvd",36,40.799484,-73.955613
3375,"3 Ave & E 72 St",35,40.7699426,-73.96060712
3376,"E 65 St & 2 Ave",39,40.7647185194434,-73.962220698595
3377,"Carroll St & Bond St",25,40.6786115,-73.99037292
3378,"E 76 St & Park Ave",28,40.773763,-73.96222088
3379,"E 103 St & Lexington Ave",35,40.7903051,-73.94755757
3381,"3 St & Hoyt St",21,40.6777287,-73.99364123
3382,"Carroll St & Smith St",31,40.680611,-73.99475825
3383,"Cathedral Pkwy & Broadway",25,40.804213,-73.96699104
3384,"Smith St & 3 St",25,40.6787242,-73.99599099
3386,"1 Pl & Clinton St",27,40.6809591,-73.99905709
3387,"E 106 St & Madison Ave",25,40.7934337,-73.94945003
3388,"President St & Henry St",25,40.6828003,-73.99990419
3389,"Carroll St & Columbia St",28,40.6830456,-74.00348559
3390,"E 109 St & 3 Ave",24,40.79329668,-73.9432083
3391,"E 106 St & 1 Ave",25,40.7892529,-73.93956237
3392,"Commerce St & Van Brunt St",19,40.6812117,-74.00860912
3393,"Richards St & Delavan St",19,40.6794327,-74.00785041
3394,"Columbia St & W 9 St",21,40.6769993,-74.00647134
3395,"Henry St & W 9 St",19,40.6763744,-74.00324957
3396,"Clinton St & 4 Place",25,40.6783563,-74.00014502
3397,"Court St & Nelson St",25,40.6763947,-73.99869893
3398,"Smith St & 9 St",23,40.6746957,-73.99785768
3399,"7 St & 3 Ave",24,40.6726029815013,-73.9898300170898
3400,"E 110 St & Madison Ave",24,40.7961535,-73.94782145
3402,"Court St & State St",23,40.6902375,-73.99203074
3403,"4 Ave & 9 St",31,40.6705135,-73.98876585
3404,"7 St & 5 Ave",27,40.6704922,-73.98541675
3405,"5 St & 6 Ave",23,40.6704836,-73.98208968
3407,"Union St & Nevins St",23,40.6790979972168,-73.9876547455788
3408,"Congress St & Clinton St",27,40.6881529,-73.99520919
3409,"Bergen St & Smith St",35,40.6867443,-73.99063168
3410,"Dean St & Hoyt St",31,40.6864442,-73.98759104
3411,"Bond St & Bergen St",27,40.6849668,-73.98620772
3412,"Pacific St & Nevins St",18,40.6853761,-73.98302136
3413,"Wyckoff St & 3 Ave",22,40.6827549,-73.98258555
3414,"Bergen St & Flatbush Ave",33,40.6809447234773,-73.9756733179092
3415,"Prospect Pl & 6 Ave",25,40.6793307,-73.97519523
3416,"7 Ave & Park Pl",25,40.6776147,-73.97324283
3417,"Baltic St & 5 Ave",27,40.6795766,-73.97854971
3418,"Plaza St West & Flatbush Ave",33,40.6750207,-73.97111473
3419,"Douglass St & 4 Ave",27,40.6792788,-73.98154004
3420,"Douglass St & 3 Ave",21,40.6802133,-73.98432695
3422,"Columbia St & Degraw St",21,40.6859296,-74.00242364
3423,"West Drive & Prospect Park West",29,40.6610633719006,-73.9794525504112
3424,"E 106 St & Lexington Ave",27,40.791976,-73.945993
3425,"2 Ave & E 104 St",33,40.7892105,-73.94370784
3429,"Hanson Pl & Ashland Pl",39,40.6850680730818,-73.9779075980186
3430,"Richardson St & N Henry St",25,40.7190789117956,-73.9422369003296
3435,"Grand St & Elizabeth St",45,40.718822,-73.99596
3437,"Riverside Dr & W 91 St",39,40.7931348098666,-73.9770036935806
3440,"Fulton St & Adams St",43,40.6924182925785,-73.989494740963
3443,"W 52 St & 6 Ave",41,40.7613298312481,-73.9798200130463
3452,"Bayard St & Leonard St",43,40.7191557169604,-73.9488539099693
3453,"Devoe St & Lorimer St",19,40.7133522622288,-73.9491033554077
3454,"Leonard St & Maujer St",24,40.7103685423523,-73.9470595121384
3456,"Jackson St & Leonard St",22,40.7163803197356,-73.9482128620148
3457,"E 58 St & Madison Ave",46,40.7630259428052,-73.9720952510834
3461,"Murray St & Greenwich St",33,40.7148515052625,-74.0112233161926
3463,"E 16 St & Irving Pl",37,40.7353670556054,-73.9879739284515
3467,"W Broadway & Spring St",42,40.7249467235942,-74.0016585588455
3469,"India St & West St",23,40.7318140172097,-73.9599502086639
3472,"W 15 St & 10 Ave",39,40.742753828659,-74.0074735879898
3477,"39 St & 2 Ave - Citi Bike HQ at Industry City",33,40.6553997744783,-74.0106278657913
3478,"2 Ave & 36 St - Citi Bike HQ at Industry City",43,40.6570886666848,-74.0087020397186
3479,"Picnic Point",45,40.6851255951541,-74.0253531932831
3481,"York St",22,40.71649,-74.04105
3483,"Montgomery St",14,40.71942,-74.05099
3486,"Schermerhorn St & Bond St",30,40.6884174275408,-73.9845165610313
3490,"E 116 St & 2 Ave",31,40.796879,-73.937261
3491,"E 118 St & 1 Ave",24,40.79747,-73.93504
3492,"E 118 St & Park Ave",27,40.8005385,-73.9419949
3493,"E 118 St & 3 Ave",31,40.799139,-73.9389152
3494,"E 115 St & Lexington Ave",25,40.797911,-73.9423
3495,"E 114 St & 1 Ave",26,40.7945663,-73.9362541
3496,"1 Ave & E 110 St",25,40.7923272,-73.9383
3497,"Pleasant Ave & E 116 St",23,40.7949879,-73.9333349
3498,"Pleasant Ave & E 120 St",21,40.7974772,-73.9311847
3499,"2 Ave & E 122 St",25,40.8006721,-73.9349
3500,"E 115 St & Madison Ave",31,40.7989445,-73.944846
3501,"E 118 St & Madison Ave",29,40.8014866,-73.9442507
3502,"Lexington Ave & E 111 St",29,40.7954121,-73.9441232
3503,"Madison Ave & E 120 St",30,40.80295,-73.942954
3504,"E 123 St & Lexington Ave",27,40.8029263,-73.9379
3505,"Lexington Ave & E 127 St",33,40.805726,-73.936322
3506,"Lexington Ave & E 120 St",29,40.8013066,-73.9398167
3507,"Park Ave & E 124 St",36,40.8045555,-73.9396861
3508,"St Nicholas Ave & Manhattan Ave",31,40.809725,-73.953149
3509,"Lenox Ave & W 115 St",31,40.8011939,-73.9500739
3510,"Adam Clayton Powell Blvd & W 123 St",31,40.8078316,-73.949373
3511,"Adam Clayton Powell Blvd & W 115 St",0,40.802535,-73.9532423
3513,"21 St & Hoyt Ave S",21,40.774645,-73.923706
3514,"Astoria Park S & Shore Blvd",23,40.7767,-73.927631
3515,"24 Ave & 26 St",19,40.774591,-73.918544
3516,"31 St & Astoria Blvd",31,40.7699176,-73.9184057
3517,"31 St & Hoyt Ave N",35,40.7711528,-73.9170074
3518,"Lenox Ave & W 126 St",34,40.808442,-73.9452087
3520,"Adam Clayton Powell Blvd & W 118 St",27,40.804372,-73.951475
3521,"Lenox Ave & W 111 St",36,40.7987859,-73.9523
3522,"37 St & 24 Ave",19,40.7701477,-73.9120938
3523,"24 Ave & 29 St",25,40.7729,-73.916142
3524,"19 St & 24 Ave",23,40.7774552,-73.9225403
3525,"23 Ave & 27 St",21,40.776165,-73.9153175
3526,"31 St & 23 Ave",27,40.7747878,-73.9125551
3527,"5 Ave & E 126 St",27,40.80698,-73.941747
3528,"Steinway St & 23 Ave",21,40.7713937,-73.9077436
3529,"Lenox Ave & W 130 St",25,40.8107922,-73.9430681
3530,"Crescent St & Ditmars Blvd",19,40.7787185,-73.9145645
3531,"Frederick Douglass Blvd & W 129 St",27,40.8125511,-73.9492286
3532,"Ditmars Blvd & 19 St",27,40.78145,-73.9183302
3533,"St. Nicholas Ave & W 126 St",34,40.8114323,-73.9518776
3534,"Frederick Douglass Blvd & W 117 St",39,40.805159,-73.954692
3535,"Mt Morris Park W & W 120 St",27,40.804038,-73.945925
3536,"W 116 St & Broadway",43,40.8082,-73.9641
3537,"Carlton Ave & Dean St",29,40.6809741,-73.9710097
3538,"W 110 St & Amsterdam Ave",45,40.802692,-73.96295
3539,"W 116 St & Amsterdam Ave",43,40.8067581,-73.9607082
3540,"Morningside Ave & W 123 St",35,40.81,-73.9551508
3541,"Amsterdam Ave & W 125 St",39,40.813358,-73.956461
3542,"Amsterdam Ave & W 119 St",29,40.8086249,-73.9596214
3543,"Morningside Dr & Amsterdam Ave",35,40.81028506306,-73.9573645591736
3544,"Underhill Ave & Pacific St",27,40.6804836,-73.9646795
3545,"Broadway & W 122 St",33,40.8120562,-73.9612547
3546,"Pacific St & Classon Ave",21,40.6791944,-73.9587903
3547,"Broadway & Moylan Pl",41,40.8143256,-73.9590255
3549,"Grand Ave & Bergen St",25,40.678045,-73.962408
3551,"3 Ave & E 112 St",23,40.795508,-73.941606
3552,"W 113 St & Broadway",39,40.805973,-73.964928
3553,"Frederick Douglass Blvd & W 112 St",37,40.801694,-73.957145
3554,"Vernon Blvd & 41 Rd",27,40.7552433,-73.9485678
3555,"28 St & 41 Ave",27,40.751047,-73.93797
3556,"24 St & 41 Ave",19,40.7527085,-73.9397405
3557,"40 Ave & 9 St",19,40.75742,-73.945133
3558,"Bergen St & Vanderbilt Ave",27,40.6794388,-73.9680438
3559,"21 St & 38 Ave",19,40.7576314,-73.9391224
3561,"37 Ave & 35 St",26,40.7531106,-73.9279917
3562,"Classon Ave & St Marks Ave",27,40.6765198,-73.9596082
3563,"28 St & 36 Ave",29,40.757186,-73.932719
3564,"21 St & 36 Ave",19,40.7601853,-73.9362726
3565,"36 Ave & 10 St",19,40.7614376,-73.9411265
3566,"Crescent St & 35 Ave",25,40.7596276,-73.9321455
3567,"11 St & 35 Ave",19,40.7627442,-73.9391141
3568,"34 St & 35 Ave",21,40.7569332,-73.9262231
3569,"Franklin Ave & St Marks Ave",29,40.6758324,-73.9561677
3570,"35 Ave & 37 St",31,40.7557327,-73.9236611
3571,"Bedford Ave & Bergen St",24,40.676368,-73.952918
3572,"34 Ave & 38 St",33,40.756913,-73.921631
3573,"35 St & 34 Ave",25,40.7580583,-73.9242751
3574,"Prospect Pl & Underhill Ave",23,40.6769694,-73.96579
3575,"Crescent St & 34 Ave",19,40.76108,-73.930562
3576,"Park Pl & Vanderbilt Ave",27,40.6767,-73.969024
3577,"34 Ave & 21 St",23,40.7628138,-73.9342862
3578,"Park Pl & Franklin Ave",21,40.6741806,-73.9564947
3579,"Sterling Pl & Bedford Ave",25,40.672695,-73.954131
3580,"St Johns Pl & Washington Ave",30,40.6737236,-73.9631611
3581,"Underhill Ave & Lincoln Pl",27,40.6740123,-73.9671457
3582,"Lincoln Pl & Classon Ave",28,40.6721683,-73.9609
3583,"Eastern Pkwy & Washington Ave",31,40.6716493,-73.9631145
3584,"Eastern Pkwy & Franklin Ave",42,40.6707767,-73.9576801
3585,"Union St & Bedford Ave",24,40.6691783,-73.9554162
3586,"34 Ave & 13 St",19,40.7638753,-73.9364848
3587,"Carroll St & Washington Ave",27,40.6686744,-73.9618148
3588,"Vernon Blvd & 10 St",21,40.7671863,-73.9373554
3589,"Broadway & 12 St",19,40.7668,-73.9347774
3590,"Carroll St & Franklin Ave",19,40.6679411,-73.9588
3591,"21 St & 31 Dr",21,40.7659,-73.930819
3592,"Crescent St & Broadway",19,40.7633589,-73.9286471
3593,"31 St & Broadway",35,40.761584,-73.925921
3595,"35 St & Broadway",18,40.760339,-73.9222427
3596,"Sullivan Pl & Bedford Ave",19,40.6642406,-73.9574686
3597,"43 St & Broadway",25,40.7577284,-73.9166368
3598,"Newton Rd & 44 St",19,40.7595701,-73.9142678
3599,"Franklin Ave & Empire Blvd",27,40.66314,-73.9605695
3601,"Sterling St & Bedford Ave",19,40.6627059,-73.9569115
3602,"31 Ave & 34 St",23,40.763154,-73.920827
3603,"31 Ave & 30 St",21,40.7647,-73.9240312
3604,"Rogers Ave & Sterling St",17,40.6630619,-73.9538746
3605,"31 Ave & Crescent St",21,40.7658346,-73.9265474
3606,"49 Ave & 21 St",21,40.74252,-73.948852
3607,"31 Ave & 14 St",19,40.7682,-73.9322662
3608,"5 St & 51 Ave",21,40.7423737,-73.9566
3609,"Vernon Blvd & 31 Ave",23,40.7692475,-73.9354504
3610,"Vernon Blvd & 30 Rd",27,40.770845,-73.934171
3611,"Vernon Blvd & 47 Rd",31,40.7449067,-73.9534573
3612,"30 Ave & 21 St",15,40.7703743,-73.9286078
3613,"Center Blvd & 48 Ave",27,40.745038,-73.957539
3614,"Crescent St & 30 Ave",23,40.768692,-73.9249574
3615,"44 Dr & 21 St",21,40.748,-73.9460927
3616,"Steinway St & 28 Ave",25,40.7656251,-73.9136695
3617,"28 Ave & 35 St",27,40.7671,-73.9169858
3618,"27 St & Hunter St",25,40.7485,-73.941275
3619,"Newtown Ave & 23 St",19,40.7713615,-73.9246145
3620,"11 St & 43 Ave",23,40.7519071,-73.9479119
3621,"27 Ave & 9 St",19,40.7739825,-73.9309134
3622,"E 128 St & Madison Ave",15,40.80756,-73.939182
3623,"W 120 St & Claremont Ave",39,40.8109494,-73.9634
3628,"Lenox Ave & W 117 St",31,40.8025566,-73.9490782
3629,"Adam Clayton Powell Blvd & W 126 St",33,40.8094953477795,-73.9477649331093
3630,"Frederick Douglass Blvd & W 115 St",33,40.8038654,-73.9559308
3637,"Fulton St & Waverly Ave",31,40.6832386546034,-73.9659959077835
3638,"Washington St",18,40.7242941,-74.0354826
3639,"Harborside",30,40.7192517,-74.034234
3640,"Journal Square",18,40.73367,-74.0625
3641,"Broadway & W 25 St",54,40.7428687731211,-73.9891862869263
3646,"35 Ave & 10 St",26,40.7631548191037,-73.9398550987244
3647,"48 Ave & 30 Pl",23,40.7412830935599,-73.9372587203979
3648,"Flushing Ave & Vanderbilt Ave",25,40.6979503156954,-73.970775604248
3649,"W 129 St & Convent Ave",30,40.8143944379158,-73.9532473683357
3654,"31 St & Northern Blvd",35,40.7518695142187,-73.933492898941
3656,"E 2 St & Avenue A",46,40.7230774906867,-73.9858362078667
3658,"W 18 St & 9 Ave",27,40.7435337324616,-74.0036755800247
3661,"Montgomery St & Franklin Ave",19,40.6664393068708,-73.9605563879013
3662,"31 Ave & Steinway St",21,40.7612938972891,-73.916916847229
3664,"North Moore St & Greenwich St",30,40.7201952143746,-74.0103006362915
3668,"Leonard St & Nassau Ave",26,40.7239567849954,-73.9498436450958
3671,"E 81 St & 2 Ave",37,40.7747794489573,-73.9542746543884
3673,"Dean St & Franklin Ave",21,40.6775920693738,-73.955637216568
3674,"Jay St & York St",27,40.7014031725772,-73.9867267012596
3676,"Van Brunt St & Van Dyke St",24,40.6758329439129,-74.0147262811661
3677,"Glenwood Ave",18,40.7275514673001,-74.0710607171059
3678,"Fairmount Ave",18,40.7257261374256,-74.0719592571259
3679,"Bergen Ave",14,40.722103786686,-74.0714550018311
3680,"E 43 St & 5 Ave",55,40.7541208107793,-73.9802518486977
3681,"Grand St",18,40.7151776773203,-74.0376833081245
3686,"Gansevoort St & Hudson St",39,40.739448201304,-74.0050703287125
3687,"E 33 St & 1 Ave",59,40.7432268143217,-73.9744978398085
3689,"W 104 St & Amsterdam Ave",47,40.799041392883,-73.9664947986603
3690,"Park Pl & Church St",36,40.7133418427591,-74.0093551576138
3691,"28 Ave & 44 St",19,40.7640893235069,-73.9106512069702
3692,"5 St & Market St",15,40.6999974843885,-73.9744012802839
3693,"N 11 St & Kent Ave",27,40.7224818863822,-73.9592193067074
3694,"Jackson Square",18,40.71113,-74.0789
3697,"W 64 St & Thelonious Monk Circle",43,40.7751595343424,-73.9891869574785
3699,"W 50 St & 9 Ave",30,40.7636046779586,-73.9891795814037
3704,"47 Ave & Skillman Ave",19,40.7437524099784,-73.941764831543
3707,"Lexington Ave & E 26 St",55,40.741459,-73.983293
3708,"W 13 St & 5 Ave",29,40.735445,-73.99431
3709,"W 15 St & 6 Ave",51,40.7380461424828,-73.996429592371
3711,"E 13 St & Avenue A",47,40.7296672939298,-73.9806796610355
3712,"W 35 St & Dyer Ave",41,40.754691750226,-73.9974018931389
3714,"Division Av & Hooper St",61,40.7068420310133,-73.9544353965357
3715,"Driggs Ave & N 9 St",31,40.7181696945421,-73.9552013576031
3716,"40 Ave & Crescent St",23,40.7535992020056,-73.9379560947418
3718,"E 11 St & Avenue B",46,40.7274642069239,-73.9795041829348
3720,"Wyckoff St & Bond St",23,40.6846165389795,-73.9872128516436
3721,"31 St & Newtown Ave",35,40.7675487799971,-73.9209334552288
3723,"Cadman Plaza E & Johnson St",30,40.695317277669,-73.9901572465897
3724,"7 Ave & Central Park South",39,40.7667405590595,-73.9790689945221
3725,"2 Ave & E 72 St",41,40.7687620293096,-73.9584079384804
3726,"Center Blvd & 51 Ave",20,40.7433660802702,-73.95960688591
3727,"Frost St & Meeker Ave",38,40.7176619708399,-73.948800265789
3728,"Pierrepont St & Monroe Pl",24,40.6953569332022,-73.9934402704239
3733,"Avenue C & E 18 St",46,40.730563,-73.973984
3734,"E 58 St &  1 Ave (NW Corner)",50,40.759125,-73.962658
3737,"Stanton St & Norfolk St",35,40.720747,-73.986274
3745,"36 Ave & 31 St",27,40.7565127298495,-73.9295748621225
3746,"6 Ave & Broome St",48,40.7243083216022,-74.0047303587198
3749,"Lexington Ave & E 36 St",23,40.7475739589548,-73.9788007736206
3755,"DeKalb Ave & Franklin Ave",19,40.6906480708294,-73.9574617892504
3756,"White St & Moore St",21,40.704508,-73.9351
3757,"Stagg St & Morgan Ave",23,40.710681,-73.93372
3758,"George St & Wilson Ave",19,40.702997,-73.92997
3759,"Irving Ave & Jefferson St",19,40.70538,-73.92535
3760,"Willoughby Ave & Wyckoff Ave",23,40.705614,-73.92153
3761,"Cedar St & Myrtle Ave",27,40.697842,-73.926241
3762,"3 Ave & Carroll St",27,40.677027,-73.9865
3763,"Wyckoff Av & Jefferson St",27,40.707165,-73.923711
3764,"Bushwick Ave & McKibbin St",21,40.705517,-73.93936
3765,"Bushwick Ave & Stagg St",21,40.709897,-73.94008
3766,"Sharon St & Olive St",24,40.715353,-73.93856
3767,"Powers St & Olive St",19,40.71323,-73.93894
3768,"Waterbury St & Stagg St",23,40.71019,-73.93734
3769,"White St & Johnson Ave",23,40.707174,-73.93581
3770,"Central Ave & Flushing Ave",21,40.702831,-73.9333
3771,"McKibbin St & Bogart St",30,40.706237,-73.933871
3772,"Devoe St & Morgan Ave",19,40.713811,-73.93515
3773,"Knickerbocker Ave & Thames St",20,40.70539,-73.92976
3774,"Knickerbocker Ave & George St",23,40.704425,-73.92836
3775,"Suydam St & Knickerbocker Ave",27,40.702013,-73.923769
3776,"Central Ave & Starr Street",23,40.700003,-73.92834
3777,"Stockholm St & Wilson Ave",23,40.699304,-73.923044
3778,"Irving Ave & DeKalb Ave",27,40.7027,-73.92095
3779,"Hart St & Wyckoff Ave",24,40.704876,-73.919911
3780,"Wyckoff Av & Stanhope St",22,40.703545,-73.917775
3781,"Greene Av & Myrtle Av",30,40.698568,-73.918877
3782,"Brooklyn Bridge Park - Pier 2",31,40.698458,-73.997178
3783,"Cliff St & Fulton St",37,40.70838,-74.00495
3787,"Dock 72 Way & Market St",22,40.69985,-73.97141
3788,"E 12 St & 4 Av",27,40.73269,-73.98974
3789,"Fulton St & Irving Pl",31,40.68186,-73.959432
3790,"Henry St & Middagh St",37,40.7003,-73.991581
3791,"Hoboken Ave at Monmouth St",32,40.7352083804536,-74.0469637513161
3792,"Columbus Dr at Exchange Pl",30,40.71687,-74.03281
3795,"10 St & 2 Ave",19,40.671907,-73.993612
3798,"W 40 St & 5 Ave",55,40.752269,-73.982079
3799,"6 Ave & W 34 St",0,40.74964,-73.98805
3803,"Bedford Ave & Montgomery St",27,40.665816,-73.956934
3804,"Front St & Jay St",24,40.702461,-73.986842
3809,"W 55 St & 6 Ave",53,40.763189,-73.978434
3810,"Central Park West & W 82 St",45,40.782593,-73.971211
3811,"27 Ave & 3 St",19,40.77485,-73.9342
3812,"University Pl & E 14 St",43,40.734814,-73.992085
3814,"E 56 St & Madison Ave",23,40.761573,-73.972628
3815,"E 51 St & 2 Ave",41,40.755293,-73.967641
3816,"Metropolitan Ave & Vandervoort Ave",24,40.71429,-73.93323
3817,"Withers St & Kingsland Ave",18,40.71773,-73.94051
3818,"Calyer St & Jewel St",40,40.72984,-73.94839
3819,"Green St & McGuinness Blvd",20,40.73396,-73.95204
3820,"Willoughby Ave & Myrtle Ave",19,40.69757,-73.93098
3821,"Evergreen Ave & Noll St",25,40.70106,-73.93318
3822,"Bushwick Ave & Forrest St",20,40.70076,-73.93641
3823,"Beaver St & Fayette St",30,40.70099,-73.93921
3824,"Van Sinderen Ave & Truxton St",23,40.6786,-73.90369
3825,"Broadway & Furman Ave",29,40.68139,-73.90756
3826,"Moffat St & Bushwick",18,40.68458,-73.90925
3827,"Halsey St & Broadway",20,40.68565,-73.91564
3828,"Eldert St & Bushwick Ave",22,40.68652,-73.91321
3829,"Central Ave & Decatur St",24,40.6882,-73.90798
3830,"Halsey St & Evergreen Ave",22,40.68858,-73.91227
3831,"Broadway & Hancock St",35,40.68663,-73.9168
3832,"Central Ave & Weirfield St",21,40.69055,-73.91181
3833,"Madison St & Evergreen Ave",18,40.69122,-73.91693
3834,"Irving Ave & Halsey St",19,40.69467,-73.90663
3835,"Knickerbocker Ave & Hancock St",22,40.69385,-73.90974
3836,"Bushwick Ave & Linden St",29,40.69146,-73.92146
3837,"Broadway & Kosciuszko St",29,40.69329,-73.92852
3838,"Bushwick Ave & Harman St",25,40.69356,-73.92524
3839,"Putnam Ave & Knickerbocker Ave",29,40.69545,-73.91164
3840,"Putnam Ave & Wyckoff Ave",24,40.69811,-73.90904
3841,"Menahan St & Central Ave",25,40.69543,-73.9196
3842,"Bushwick Ave & Dekalb Ave",29,40.69502,-73.92825
3843,"Myrtle Ave & Grove St",23,40.69905,-73.91516
3844,"Myrtle Ave & Linden St",25,40.69943,-73.91337
3845,"Irving Ave & Harman St",21,40.70108,-73.9179
3846,"Central Ave & Himrod St",25,40.69676,-73.92302
3847,"Cedar St & Evergreen Ave",25,40.69671,-73.92807
3848,"Suydam St & Broadway",32,40.69544,-73.93223
3849,"Suydam St & St. Nicholas Ave",17,40.70636,-73.91945
3850,"Jefferson St & Cypress Ave",25,40.70907,-73.92157
3851,"Metropolitan Ave & Stewart Ave",20,40.71401,-73.92793
3852,"Stewart Ave & Johnson Ave",17,40.70869,-73.92587
3853,"Harrison Pl & Porter Ave",20,40.70686,-73.92851
3854,"Morgan Ave & Maspeth Ave",25,40.716657,-73.93637
3855,"Frost St & Debevoise Ave",22,40.71882,-73.93948
3856,"Kingsland Ave & Nassau Ave",25,40.72577,-73.94173
3857,"Engert Ave & McGuinness Blvd",19,40.72158,-73.94546
3858,"Kent St & McGuinness Blvd",20,40.73124,-73.95161
3860,"Wilson Ave & Troutman St",26,40.70166,-73.92754
3861,"Menahan St & Wyckoff Ave",20,40.70113,-73.91422
3862,"Linden St & Knickerbocker Ave",18,40.69714,-73.91566
3863,"Central Ave & Woodbine St",18,40.69296,-73.91605
3864,"Central Ave & Covert St",30,40.68929,-73.90951
3865,"Knickerbocker Ave & Cooper St",24,40.69081,-73.90448
3866,"Wilson Ave & Moffat St",32,40.68906,-73.90506
3867,"Somers St & Broadway",29,40.67945,-73.90474
3868,"Knickerbocker Ave & Halsey St",19,40.693,-73.90824
3869,"Van Buren St & Broadway",24,40.692,-73.92617
3870,"Melrose St & Broadway",20,40.697481,-73.935877
3871,"Bushwick Ave & Furman Ave",30,40.68281,-73.90623
3872,"Hancock St & Wyckoff Ave",19,40.6972,-73.90674
3873,"Madison St & Cypress Ave",17,40.70068,-73.90742
3874,"Menahan St & Seneca Ave",16,40.70461,-73.91054
3875,"Stephen St & Seneca Ave",15,40.6988,-73.9007
3876,"Forest Ave & Summerfield St",23,40.69922,-73.89795
3878,"Cypress Ave & George St",19,40.69812,-73.90271
3879,"Broadway & Madison St",25,40.68822,-73.91966
3880,"Willoughby Ave & Onderdonk Ave",27,40.7098,-73.91727
3881,"12 Ave & W 125 St",39,40.818299,-73.960405
3882,"Norman St & Wyckoff Ave",15,40.69517,-73.90311
3883,"Harman St & Seneca Ave",19,40.70577,-73.91292
3885,"Onderdonk Ave & Gates Ave",19,40.70413,-73.90737
3886,"Menahan St & Onderdonk Ave",20,40.70553,-73.9096
3887,"Flushing Ave & Woodward Ave",21,40.71246,-73.91873
3890,"Grove St & Broadway",31,40.69047,-73.923511
3891,"Irving Ave & Palmetto St",20,40.698,-73.9127
3892,"38 Ave & 29 St",19,40.75473,-73.93367
3893,"Rockaway Ave & Bainbridge St",25,40.6831998817276,-73.9116664230824
3895,"Cypress Ave & Palmetto St",25,40.7015734087379,-73.9087629318237
3896,"Madison St & Seneca Ave",22,40.70183,-73.90625
3898,"E 63 St & 3 Ave",57,40.763954,-73.9646
3899,"Manhattan Av & Leonard St",18,40.72084,-73.94844
3900,"Morgan Ave & Lombardy St",30,40.72226,-73.93889
3901,"Stanhope St & Fairview Ave",17,40.70998,-73.91116
3903,"Jefferson St & Evergreen Ave",17,40.68989,-73.91458
3908,"Battery Pl & Greenwich St",33,40.70463,-74.01507
